id;created_by;created_date;last_modified_by;last_modified_date
1;cutting-edge ability Hat;2019-08-12T01:09:24;Bedfordshire Bahamian Dollar;2019-08-12T07:30:32
2;User-centric Gloves;2019-08-12T08:43:28;Oklahoma facilitate;2019-08-12T12:25:02
3;Versatile Exclusive Moroccan Dirham;2019-08-11T20:52:49;Plastic;2019-08-11T14:01:45
4;mission-critical;2019-08-11T14:32:10;paradigms Home;2019-08-12T05:41:35
5;deposit Canadian Dollar Lebanon;2019-08-12T03:13:41;Dominican Republic Credit Card Account Handmade;2019-08-12T05:06:11
6;Re-contextualized;2019-08-11T18:41:58;Point Orchestrator;2019-08-12T04:24:11
7;bypassing optical;2019-08-12T10:21:27;Bedfordshire;2019-08-11T21:16:31
8;HDD;2019-08-12T06:09:06;red firewall open-source;2019-08-12T05:36:24
9;Rustic Quality;2019-08-12T04:25:59;Cambridgeshire hacking;2019-08-11T21:45:30
10;bandwidth azure;2019-08-12T00:58:48;Fiji Dollar Profound Bacon;2019-08-11T14:24:10
