id;name;url;type_id;ci;created_by;created_date;last_modified_by;last_modified_date
1;mobile Fish;https://lavinia.name;Dam;Practical Fresh Pants;Metal deposit;2019-08-12T12:43:37;transmitter Implementation Electronics;2019-08-11T14:16:05
2;Money Market Account;https://judge.com;Home Namibia;Steel zero administration;Multi-channelled Licensed;2019-08-11T23:14:23;syndicate;2019-08-11T14:29:01
3;Canyon HDD;https://cecile.info;Automotive;Planner cross-platform access;Public-key;2019-08-12T08:17:47;Bahamian Dollar Investment Account;2019-08-11T18:05:04
4;Salad;http://destiney.biz;copy convergence;Mayotte;Industrial;2019-08-11T17:51:59;Views e-enable Communications;2019-08-11T20:37:35
5;archive Georgia Aruba;https://eric.org;compress South Georgia and the South Sandwich Islands;compelling mission-critical;bifurcated scalable;2019-08-12T10:06:52;Industrial;2019-08-12T03:55:10
6;reinvent 24 hour Jewelery;http://mekhi.net;1080p Checking Account Identity;Frozen IB;Highway Ergonomic;2019-08-12T05:10:53;Lempira;2019-08-11T22:05:56
7;New York tangible Mississippi;http://blake.org;synthesizing hard drive Robust;Avon;system Small;2019-08-12T03:32:13;red;2019-08-11T16:34:58
8;Harbor Montana;https://sydney.com;Investment Account;override User-centric;Money Market Account;2019-08-11T21:24:22;JSON;2019-08-11T23:05:48
9;modular Refined Squares;http://ciara.info;EXE projection Fresh;support Gorgeous;withdrawal;2019-08-12T14:04:06;cutting-edge ability Hat;2019-08-12T01:15:46
10;Bedfordshire Bahamian Dollar;http://eugene.biz;Gloves sky blue Oklahoma;robust Engineer;Exclusive Moroccan Dirham card;2019-08-12T10:31:37;Supervisor;2019-08-12T07:40:41
