id;name;created_by;created_date;last_modified_by;last_modified_date
1;mobile Fish;Home Loan Account Table Computer;2019-08-06T21:58:59;FTP Savings Account;2019-08-06T06:23:00
2;Movies Producer;Implementation Electronics Officer;2019-08-06T08:33:27;Home Loan Account;2019-08-06T23:12:26
3;Home Namibia;Steel zero administration;2019-08-06T14:35:04;Common;2019-08-06T04:31:59
4;grey Cambridgeshire;Canyon HDD;2019-08-06T07:02:59;Centers;2019-08-06T23:03:31
5;Usability South Dakota envisioneer;Intelligent;2019-08-06T06:57:20;infomediaries;2019-08-06T20:26:53
6;Buckinghamshire Games;incentivize Tuna copy;2019-08-06T13:10:24;sky blue Georgia;2019-08-06T22:37:32
7;synthesizing Views e-enable;Credit Card Account National Awesome;2019-08-06T18:40:24;Tasty Plastic Pizza scale;2019-08-06T16:51:53
8;generating compelling;Home Loan Account;2019-08-06T16:45:11;scalable;2019-08-06T19:24:38
9;Industrial;index orange;2019-08-06T23:14:40;overriding;2019-08-06T06:24:45
10;application quantify Unbranded Plastic Tuna;Internal;2019-08-06T02:58:35;Highway Ergonomic;2019-08-06T14:28:39
